Workbook

Sheet Cómo se usa
A1: Comisiones de vendedores · SISTEMA
A3: 1. Cuando un vendedor se suma, anotalo en Vendedores con el mismo nombre que figura en su link (lo que va después de ?ref=).
A4: 2. Cada vez que un cliente te manda el comprobante, cargá una fila en Ventas: fecha, cliente, plan y vendedor (lo dice el mensaje: "Me recomendó: ...").
A5: 3. El monto y la comisión se calculan solos. Si el cliente renueva, cargá otra fila: la comisión es de cada pago.
A6: 4. A fin de mes, en Vendedores mirás la columna A pagar. Cuando le pagás a alguien, marcá sus ventas como "Sí" en ¿Comisión pagada?.
A8: Las columnas Monto, Comisión, Ventas, Total vendido, Ya pagado y A pagar tienen fórmulas: no escribas en ellas.

Sheet Ventas
A1: Fecha | B1: Cliente | C1: Plan | D1: Monto ($) | E1: Vendedor (como figura en su link) | F1: Comisión ($) | G1: ¿Comisión pagada? | H1: Notas
A2: 46308 | B2: Ana Gómez (ejemplo) | C2: Anual | D2: =IF(C2="","",IFERROR(VLOOKUP(C2,Ajustes!$A$6:$B$8,2,FALSE),"")) | E2: juan-perez | F2: =IF(OR(E2="",D2=""),"",D2*Ajustes!$B$3) | G2: No | H2: Fila de ejemplo: borrala cuando cargues la primera venta real.
D3: =IF(C3="","",IFERROR(VLOOKUP(C3,Ajustes!$A$6:$B$8,2,FALSE),"")) | F3: =IF(OR(E3="",D3=""),"",D3*Ajustes!$B$3)
D4: =IF(C4="","",IFERROR(VLOOKUP(C4,Ajustes!$A$6:$B$8,2,FALSE),"")) | F4: =IF(OR(E4="",D4=""),"",D4*Ajustes!$B$3)
D5: =IF(C5="","",IFERROR(VLOOKUP(C5,Ajustes!$A$6:$B$8,2,FALSE),"")) | F5: =IF(OR(E5="",D5=""),"",D5*Ajustes!$B$3)
D6: =IF(C6="","",IFERROR(VLOOKUP(C6,Ajustes!$A$6:$B$8,2,FALSE),"")) | F6: =IF(OR(E6="",D6=""),"",D6*Ajustes!$B$3)
D7: =IF(C7="","",IFERROR(VLOOKUP(C7,Ajustes!$A$6:$B$8,2,FALSE),"")) | F7: =IF(OR(E7="",D7=""),"",D7*Ajustes!$B$3)
D8: =IF(C8="","",IFERROR(VLOOKUP(C8,Ajustes!$A$6:$B$8,2,FALSE),"")) | F8: =IF(OR(E8="",D8=""),"",D8*Ajustes!$B$3)
D9: =IF(C9="","",IFERROR(VLOOKUP(C9,Ajustes!$A$6:$B$8,2,FALSE),"")) | F9: =IF(OR(E9="",D9=""),"",D9*Ajustes!$B$3)
D10: =IF(C10="","",IFERROR(VLOOKUP(C10,Ajustes!$A$6:$B$8,2,FALSE),"")) | F10: =IF(OR(E10="",D10=""),"",D10*Ajustes!$B$3)
D11: =IF(C11="","",IFERROR(VLOOKUP(C11,Ajustes!$A$6:$B$8,2,FALSE),"")) | F11: =IF(OR(E11="",D11=""),"",D11*Ajustes!$B$3)
D12: =IF(C12="","",IFERROR(VLOOKUP(C12,Ajustes!$A$6:$B$8,2,FALSE),"")) | F12: =IF(OR(E12="",D12=""),"",D12*Ajustes!$B$3)
D13: =IF(C13="","",IFERROR(VLOOKUP(C13,Ajustes!$A$6:$B$8,2,FALSE),"")) | F13: =IF(OR(E13="",D13=""),"",D13*Ajustes!$B$3)
D14: =IF(C14="","",IFERROR(VLOOKUP(C14,Ajustes!$A$6:$B$8,2,FALSE),"")) | F14: =IF(OR(E14="",D14=""),"",D14*Ajustes!$B$3)
... D251: =IF(C251="","",IFERROR(VLOOKUP(C251,Ajustes!$A$6:$B$8,2,FALSE),"")) | F251: =IF(OR(E251="",D251=""),"",D251*Ajustes!$B$3)

Sheet Vendedores
A1: Vendedor (como figura en su link) | B1: Alias o CVU de Mercado Pago | C1: WhatsApp | D1: Ventas | E1: Total vendido ($) | F1: Comisión total ($) | G1: Ya pagado ($) | H1: A pagar ($)
A2: juan-perez | B2: juan.perez.mp (ejemplo) | C2: '11 0000-0000 | D2: =IF(A2="","",COUNTIF(Ventas!$E$2:$E,A2)) | E2: =IF(A2="","",SUMIF(Ventas!$E$2:$E,A2,Ventas!$D$2:$D)) | F2: =IF(A2="","",SUMIF(Ventas!$E$2:$E,A2,Ventas!$F$2:$F)) | G2: =IF(A2="","",SUMIFS(Ventas!$F$2:$F,Ventas!$E$2:$E,A2,Ventas!$G$2:$G,"Sí")) | H2: =IF(A2="","",F2-G2)
D3: =IF(A3="","",COUNTIF(Ventas!$E$2:$E,A3)) | E3: =IF(A3="","",SUMIF(Ventas!$E$2:$E,A3,Ventas!$D$2:$D)) | F3: =IF(A3="","",SUMIF(Ventas!$E$2:$E,A3,Ventas!$F$2:$F)) | G3: =IF(A3="","",SUMIFS(Ventas!$F$2:$F,Ventas!$E$2:$E,A3,Ventas!$G$2:$G,"Sí")) | H3: =IF(A3="","",F3-G3)
D4: =IF(A4="","",COUNTIF(Ventas!$E$2:$E,A4)) | E4: =IF(A4="","",SUMIF(Ventas!$E$2:$E,A4,Ventas!$D$2:$D)) | F4: =IF(A4="","",SUMIF(Ventas!$E$2:$E,A4,Ventas!$F$2:$F)) | G4: =IF(A4="","",SUMIFS(Ventas!$F$2:$F,Ventas!$E$2:$E,A4,Ventas!$G$2:$G,"Sí")) | H4: =IF(A4="","",F4-G4)
D5: =IF(A5="","",COUNTIF(Ventas!$E$2:$E,A5)) | E5: =IF(A5="","",SUMIF(Ventas!$E$2:$E,A5,Ventas!$D$2:$D)) | F5: =IF(A5="","",SUMIF(Ventas!$E$2:$E,A5,Ventas!$F$2:$F)) | G5: =IF(A5="","",SUMIFS(Ventas!$F$2:$F,Ventas!$E$2:$E,A5,Ventas!$G$2:$G,"Sí")) | H5: =IF(A5="","",F5-G5)
D6: =IF(A6="","",COUNTIF(Ventas!$E$2:$E,A6)) | E6: =IF(A6="","",SUMIF(Ventas!$E$2:$E,A6,Ventas!$D$2:$D)) | F6: =IF(A6="","",SUMIF(Ventas!$E$2:$E,A6,Ventas!$F$2:$F)) | G6: =IF(A6="","",SUMIFS(Ventas!$F$2:$F,Ventas!$E$2:$E,A6,Ventas!$G$2:$G,"Sí")) | H6: =IF(A6="","",F6-G6)
D7: =IF(A7="","",COUNTIF(Ventas!$E$2:$E,A7)) | E7: =IF(A7="","",SUMIF(Ventas!$E$2:$E,A7,Ventas!$D$2:$D)) | F7: =IF(A7="","",SUMIF(Ventas!$E$2:$E,A7,Ventas!$F$2:$F)) | G7: =IF(A7="","",SUMIFS(Ventas!$F$2:$F,Ventas!$E$2:$E,A7,Ventas!$G$2:$G,"Sí")) | H7: =IF(A7="","",F7-G7)
D8: =IF(A8="","",COUNTIF(Ventas!$E$2:$E,A8)) | E8: =IF(A8="","",SUMIF(Ventas!$E$2:$E,A8,Ventas!$D$2:$D)) | F8: =IF(A8="","",SUMIF(Ventas!$E$2:$E,A8,Ventas!$F$2:$F)) | G8: =IF(A8="","",SUMIFS(Ventas!$F$2:$F,Ventas!$E$2:$E,A8,Ventas!$G$2:$G,"Sí")) | H8: =IF(A8="","",F8-G8)
D9: =IF(A9="","",COUNTIF(Ventas!$E$2:$E,A9)) | E9: =IF(A9="","",SUMIF(Ventas!$E$2:$E,A9,Ventas!$D$2:$D)) | F9: =IF(A9="","",SUMIF(Ventas!$E$2:$E,A9,Ventas!$F$2:$F)) | G9: =IF(A9="","",SUMIFS(Ventas!$F$2:$F,Ventas!$E$2:$E,A9,Ventas!$G$2:$G,"Sí")) | H9: =IF(A9="","",F9-G9)
D10: =IF(A10="","",COUNTIF(Ventas!$E$2:$E,A10)) | E10: =IF(A10="","",SUMIF(Ventas!$E$2:$E,A10,Ventas!$D$2:$D)) | F10: =IF(A10="","",SUMIF(Ventas!$E$2:$E,A10,Ventas!$F$2:$F)) | G10: =IF(A10="","",SUMIFS(Ventas!$F$2:$F,Ventas!$E$2:$E,A10,Ventas!$G$2:$G,"Sí")) | H10: =IF(A10="","",F10-G10)
D11: =IF(A11="","",COUNTIF(Ventas!$E$2:$E,A11)) | E11: =IF(A11="","",SUMIF(Ventas!$E$2:$E,A11,Ventas!$D$2:$D)) | F11: =IF(A11="","",SUMIF(Ventas!$E$2:$E,A11,Ventas!$F$2:$F)) | G11: =IF(A11="","",SUMIFS(Ventas!$F$2:$F,Ventas!$E$2:$E,A11,Ventas!$G$2:$G,"Sí")) | H11: =IF(A11="","",F11-G11)
D12: =IF(A12="","",COUNTIF(Ventas!$E$2:$E,A12)) | E12: =IF(A12="","",SUMIF(Ventas!$E$2:$E,A12,Ventas!$D$2:$D)) | F12: =IF(A12="","",SUMIF(Ventas!$E$2:$E,A12,Ventas!$F$2:$F)) | G12: =IF(A12="","",SUMIFS(Ventas!$F$2:$F,Ventas!$E$2:$E,A12,Ventas!$G$2:$G,"Sí")) | H12: =IF(A12="","",F12-G12)
D13: =IF(A13="","",COUNTIF(Ventas!$E$2:$E,A13)) | E13: =IF(A13="","",SUMIF(Ventas!$E$2:$E,A13,Ventas!$D$2:$D)) | F13: =IF(A13="","",SUMIF(Ventas!$E$2:$E,A13,Ventas!$F$2:$F)) | G13: =IF(A13="","",SUMIFS(Ventas!$F$2:$F,Ventas!$E$2:$E,A13,Ventas!$G$2:$G,"Sí")) | H13: =IF(A13="","",F13-G13)
D14: =IF(A14="","",COUNTIF(Ventas!$E$2:$E,A14)) | E14: =IF(A14="","",SUMIF(Ventas!$E$2:$E,A14,Ventas!$D$2:$D)) | F14: =IF(A14="","",SUMIF(Ventas!$E$2:$E,A14,Ventas!$F$2:$F)) | G14: =IF(A14="","",SUMIFS(Ventas!$F$2:$F,Ventas!$E$2:$E,A14,Ventas!$G$2:$G,"Sí")) | H14: =IF(A14="","",F14-G14)
... D81: =IF(A81="","",COUNTIF(Ventas!$E$2:$E,A81)) | E81: =IF(A81="","",SUMIF(Ventas!$E$2:$E,A81,Ventas!$D$2:$D)) | F81: =IF(A81="","",SUMIF(Ventas!$E$2:$E,A81,Ventas!$F$2:$F)) | G81: =IF(A81="","",SUMIFS(Ventas!$F$2:$F,Ventas!$E$2:$E,A81,Ventas!$G$2:$G,"Sí")) | H81: =IF(A81="","",F81-G81)

Sheet Ajustes
A1: Ajustes
A3: Comisión para el vendedor (de cada pago) | B3: 0.2
A5: Plan | B5: Precio ($)
A6: 3 meses | B6: 24900
A7: Anual | B7: 69900
A8: Para siempre | B8: 119900
A10: Total que les debés a los vendedores | B10: =SUM(Vendedores!H2:H)
A12: Los números en azul se pueden cambiar. Los precios tienen que ser los mismos que cobran los links de Mercado Pago.
